episode,reward,won,steps,loss
1,2.0810185185185186,1,103.0,-0.092008575797081
2,-0.39583333333333315,0,73.0,0.11357824504375458
3,2.0509259259259265,1,74.0,0.1492007076740265
4,2.0486111111111116,1,75.0,0.062168583273887634
5,1.9930555555555554,1,88.0,-0.12601985037326813
6,-0.17129629629629606,0,69.0,0.5713887214660645
7,-0.9953703703703703,0,2.0,0.2757870554924011
8,1.9189814814814814,1,87.0,-0.012181827798485756
9,2.0092592592592595,1,92.0,-0.12333324551582336
10,-0.9861111111111112,0,4.0,0.25288447737693787
11,0.09259259259259212,0,76.0,0.3188253939151764
12,1.8726851851851851,1,60.0,-0.014856353402137756
13,2.064814814814815,1,105.0,-0.1167120635509491
14,1.8749999999999996,1,78.0,-0.1808515191078186
15,-0.9930555555555556,0,2.0,0.16083106398582458
16,2.078703703703704,1,77.0,-0.04337959364056587
17,2.0625,1,86.0,-0.04215924069285393
18,-1.0,0,1.0,0.31862735748291016
19,-0.9953703703703703,0,2.0,0.2128923535346985
20,2.087962962962963,1,93.0,0.06403845548629761
21,-0.9953703703703703,0,2.0,0.17616669833660126
22,1.7662037037037035,1,56.0,-0.035696592181921005
23,-0.9907407407407407,0,3.0,0.20432016253471375
24,1.9814814814814818,1,94.0,0.10608689486980438
25,2.0578703703703702,1,69.0,0.02544444054365158
26,-1.0,0,1.0,0.2298983335494995
27,2.071759259259259,1,78.0,0.02242659591138363
28,-0.9861111111111112,0,4.0,0.11981705576181412
29,2.083333333333333,1,99.0,-0.11767306923866272
30,1.7384259259259258,1,73.0,-0.08224274963140488
31,1.7685185185185184,1,74.0,0.33881545066833496
32,-0.9907407407407407,0,3.0,0.10750895738601685
33,2.0972222222222214,1,76.0,0.36181700229644775
34,2.081018518518519,1,86.0,-0.09639052301645279
35,-1.0,0,1.0,0.20163749158382416
36,1.8796296296296298,1,81.0,0.2266101837158203
37,2.10648148148148,1,95.0,-0.12297353148460388
38,2.060185185185185,1,89.0,-0.10735408961772919
39,2.0949074074074074,1,109.0,-0.15694311261177063
40,2.0740740740740735,1,51.0,-0.03397835046052933
41,-0.9907407407407407,0,3.0,0.058720365166664124
42,2.0995370370370363,1,87.0,0.19754032790660858
43,2.1111111111111107,1,92.0,-0.09455613791942596
44,-0.08796296296296269,0,69.0,-0.044622667133808136
45,1.9537037037037037,1,103.0,-0.07260438799858093
46,2.0925925925925926,1,66.0,-2.9469363689422607
47,2.0624999999999996,1,73.0,0.3810023367404938
48,2.085648148148148,1,69.0,0.18497368693351746
49,0.0439814814814814,0,58.0,-0.0007626339793205261
50,0.06944444444444442,0,79.0,-0.2112058699131012
51,1.6087962962962958,1,72.0,0.6396041512489319
52,2.101851851851852,1,93.0,-0.03227931633591652
53,2.087962962962963,1,93.0,-0.04966192692518234
54,2.087962962962963,1,77.0,0.11281599849462509
55,0.06481481481481444,0,49.0,0.0035851644352078438
56,-1.0,0,1.0,0.1948399692773819
57,2.1134259259259256,1,103.0,-0.21785391867160797
58,2.0740740740740744,1,83.0,-0.20983420312404633
59,2.12037037037037,1,92.0,0.2306535542011261
60,1.9398148148148144,1,73.0,0.040948398411273956
61,-1.0,0,1.0,0.18394401669502258
62,-0.13657407407407374,0,68.0,-0.08281582593917847
63,1.8888888888888886,1,77.0,0.3061145544052124
64,-0.9861111111111112,0,4.0,0.06792860478162766
65,2.0925925925925926,1,75.0,0.24584567546844482
66,-0.9953703703703703,0,2.0,0.16093723475933075
67,-0.9907407407407407,0,3.0,0.05607415735721588
68,-0.9583333333333334,0,5.0,-0.02073569968342781
69,1.8865740740740744,1,57.0,-0.0402066633105278
70,0.03935185185185186,0,54.0,-0.0050720516592264175
71,-1.0,0,1.0,0.12020950019359589
72,-0.9953703703703703,0,2.0,0.008377661928534508
73,0.06944444444444464,0,96.0,0.13873717188835144
74,2.0879629629629624,1,76.0,-0.3091254234313965
75,1.9953703703703702,1,60.0,-0.033918362110853195
76,2.0763888888888884,1,69.0,-0.010165908373892307
77,2.0740740740740735,1,67.0,0.07959137856960297
78,-0.21759259259259234,0,45.0,-0.010052302852272987
79,2.081018518518518,1,72.0,0.1053677648305893
80,1.6226851851851847,1,66.0,-0.8639302849769592
81,1.958333333333333,1,109.0,-0.11776427924633026
82,2.1273148148148144,1,99.0,-0.07688716053962708
83,2.1226851851851842,1,86.0,0.16333913803100586
84,2.1111111111111107,1,69.0,-0.24390019476413727
85,2.0972222222222223,1,90.0,0.2841598391532898
86,-0.9953703703703703,0,2.0,-0.0010898727923631668
87,-0.2129629629629628,0,29.0,-0.016454244032502174
88,2.1319444444444438,1,93.0,-0.07627855241298676
89,2.0208333333333326,1,104.0,-0.19018682837486267
90,1.8819444444444435,1,81.0,-0.22795549035072327
91,2.018518518518518,1,92.0,-0.29857346415519714
92,-0.02314814814814814,0,82.0,0.01734890230000019
93,-0.8564814814814815,0,19.0,0.034365784376859665
94,2.085648148148148,1,76.0,0.25529932975769043
95,-1.0,0,1.0,0.11162582039833069
96,1.9837962962962958,1,91.0,-0.211015522480011
97,2.05324074074074,1,68.0,-1.4702407121658325
98,2.108796296296296,1,91.0,-0.003955436870455742
99,2.1157407407407405,1,82.0,0.2144811451435089
100,1.9097222222222219,1,74.0,-0.0719590112566948
101,2.087962962962963,1,67.0,-2.0281777381896973
102,-0.19444444444444453,0,25.0,-0.023982461541891098
103,2.0115740740740735,1,65.0,1.1056272983551025
104,2.1157407407407396,1,78.0,-0.3671073019504547
105,2.087962962962963,1,71.0,-0.2176555097103119
106,2.1111111111111107,1,87.0,-0.4099504351615906
107,2.1111111111111107,1,96.0,-0.05879157781600952
108,2.0671296296296298,1,76.0,0.2651436924934387
109,-0.15509259259259267,0,58.0,-0.005736988037824631
110,-0.9953703703703703,0,2.0,0.08762205392122269
111,2.0324074074074066,1,88.0,0.05695314332842827
112,-0.10648148148148184,0,71.0,0.12873539328575134
113,-1.0,0,1.0,0.14843851327896118
114,2.0972222222222214,1,93.0,0.19788971543312073
115,2.076388888888889,1,76.0,0.1342601180076599
116,2.1203703703703702,1,84.0,-0.017898719757795334
117,2.0902777777777777,1,71.0,-1.0838220119476318
118,-0.26157407407407407,0,67.0,0.383318692445755
119,2.0370370370370363,1,81.0,-0.26165837049484253
120,2.1249999999999996,1,101.0,-0.10305272042751312
121,-0.16666666666666663,0,64.0,-0.014453520998358727
122,-0.17592592592592593,0,38.0,0.010442506521940231
123,-0.6689814814814816,0,44.0,-0.010802460834383965
124,1.8703703703703702,1,63.0,-0.034991588443517685
125,-1.0,0,1.0,0.16884823143482208
126,-1.0,0,1.0,0.12602557241916656
127,2.076388888888889,1,79.0,0.09611939638853073
128,-0.05787037037037035,0,68.0,0.5777802467346191
129,1.9444444444444442,1,67.0,0.03047407977283001
130,-0.9953703703703703,0,2.0,-0.005998814478516579
131,2.1412037037037033,1,91.0,-0.25098398327827454
132,-1.0,0,1.0,0.11445656418800354
133,-0.17361111111111072,0,66.0,-0.6651965379714966
134,0.0185185185185186,0,74.0,0.2122465819120407
135,-0.2129629629629629,0,34.0,-0.025290902704000473
136,1.8703703703703702,1,72.0,0.30196449160575867
137,0.08333333333333348,0,92.0,0.04771716147661209
138,-0.3078703703703709,0,59.0,-0.035298604518175125
139,2.094907407407407,1,82.0,0.3073432445526123
140,-0.35416666666666674,0,57.0,-0.012597581371665001
141,2.094907407407407,1,87.0,-0.3381615877151489
142,2.1226851851851842,1,73.0,0.08694161474704742
143,2.0902777777777777,1,91.0,0.03142432123422623
144,2.1226851851851847,1,83.0,0.11200008541345596
145,-0.585648148148148,0,15.0,0.012899750843644142
146,-0.9652777777777778,0,8.0,-0.015475890599191189
147,-0.16203703703703698,0,60.0,-0.017495155334472656
148,1.9398148148148142,1,82.0,-0.24566875398159027
149,-0.3912037037037037,0,33.0,0.009913843125104904
150,-0.18749999999999967,0,44.0,0.0006874464452266693
151,1.9861111111111098,1,95.0,-0.20434784889221191
152,-0.23842592592592593,0,20.0,-0.018266422674059868
153,-1.0,0,1.0,0.11262655258178711
154,-1.0,0,1.0,0.09321296215057373
155,2.0370370370370363,1,55.0,-0.017756398767232895
156,-0.9953703703703703,0,2.0,-0.09803996980190277
157,0.1157407407407407,0,85.0,0.0698663592338562
158,-0.5439814814814814,0,54.0,-0.02267531305551529
159,-0.35879629629629606,0,59.0,-0.037397123873233795
160,2.1134259259259256,1,66.0,0.27859407663345337
161,1.657407407407407,1,38.0,-0.03660719841718674
162,2.122685185185185,1,82.0,0.120137520134449
163,-0.3449074074074072,0,18.0,0.0048855748027563095
164,-0.39583333333333315,0,8.0,0.08155795186758041
165,2.062499999999999,1,69.0,0.06784620136022568
166,-0.36342592592592593,0,28.0,-0.003920083865523338
167,-0.09722222222222199,0,54.0,-0.021254736930131912
168,2.127314814814814,1,72.0,0.3504393398761749
169,-0.9236111111111112,0,12.0,-0.004563274793326855
170,-0.9953703703703703,0,2.0,0.0834415927529335
171,2.189814814814814,1,90.0,0.03209127485752106
172,-0.8125000000000001,0,29.0,-0.013503123074769974
173,1.9513888888888884,1,65.0,0.9095987677574158
174,2.106481481481481,1,77.0,-0.22416256368160248
175,2.0995370370370368,1,58.0,-0.030475527048110962
176,-0.3101851851851851,0,14.0,0.010011769831180573
177,-0.49537037037037013,0,19.0,0.01985282078385353
178,-0.20370370370370405,0,57.0,-0.026951447129249573
179,-0.6388888888888888,0,16.0,0.007063623517751694
180,-0.5578703703703701,0,46.0,-0.018285874277353287
181,2.0995370370370368,1,60.0,-0.033310580998659134
182,-0.6412037037037037,0,30.0,-0.011878516525030136
183,-0.5439814814814814,0,22.0,-0.007037188857793808
184,-1.0,0,1.0,0.07812750339508057
185,-0.9907407407407407,0,3.0,-0.041947998106479645
186,-1.0,0,1.0,0.061055611819028854
187,-0.21064814814814792,0,39.0,-0.04345288500189781
188,-0.287037037037037,0,16.0,-0.00725165382027626
189,2.087962962962963,1,64.0,-0.03377830237150192
190,-0.27083333333333337,0,25.0,-0.04028791934251785
191,-0.2824074074074072,0,33.0,-0.004887664690613747
192,2.11574074074074,1,74.0,-0.0163520909845829
193,-0.23148148148148118,0,27.0,-0.04762712121009827
194,2.0787037037037033,1,68.0,-0.0705399364233017
195,-0.9907407407407407,0,3.0,0.03741960972547531
196,-0.9861111111111112,0,4.0,-0.0551530197262764
197,-0.5995370370370368,0,29.0,-0.006796775385737419
198,-1.0,0,1.0,0.05262058600783348
199,-0.2754629629629628,0,24.0,-0.012562043964862823
200,2.1134259259259256,1,74.0,0.02969181165099144
201,-1.0,0,1.0,0.041600003838539124
202,-1.0,0,1.0,0.031153880059719086
203,-0.3796296296296293,0,43.0,-0.018263135105371475
204,-0.38657407407407396,0,44.0,-0.03648865222930908
205,-0.9953703703703703,0,2.0,-0.06033031642436981
206,-0.9907407407407407,0,3.0,-0.05315637215971947
207,-1.0,0,1.0,0.005583629012107849
208,-0.06712962962962965,0,49.0,-0.025915931910276413
209,2.127314814814814,1,68.0,0.4111514687538147
210,2.0902777777777777,1,77.0,-0.2536352872848511
211,-0.3819444444444443,0,12.0,0.025125503540039062
212,2.106481481481481,1,61.0,-0.018532216548919678
213,-0.5787037037037037,0,34.0,-0.048248182982206345
214,-0.9652777777777778,0,8.0,-0.03189164027571678
215,-0.5347222222222222,0,16.0,-0.019867006689310074
216,-0.15509259259259267,0,48.0,-0.027908476069569588
217,-0.30787037037037024,0,31.0,-0.0544087290763855
218,-0.5231481481481481,0,17.0,-0.008926592767238617
219,-0.12500000000000022,0,48.0,-0.03247370570898056
220,-0.6203703703703703,0,28.0,-0.02176625467836857
221,-0.9814814814814815,0,5.0,-0.0826292484998703
222,-0.27777777777777757,0,35.0,-0.055580347776412964
223,-0.37962962962962954,0,40.0,-0.02583872526884079
224,-0.9050925925925926,0,8.0,-0.030044209212064743
225,-0.15509259259259256,0,53.0,-0.038561537861824036
226,-0.5532407407407407,0,48.0,-0.04589555412530899
227,0.04629629629629606,0,72.0,0.1799890100955963
228,-0.11574074074074059,0,29.0,-0.01640741154551506
229,1.7800925925925917,1,70.0,-0.1686331331729889
230,2.1203703703703694,1,84.0,0.004160087555646896
231,-0.4050925925925922,0,32.0,-0.026241235435009003
232,-0.1782407407407406,0,21.0,-0.022545667365193367
233,2.0972222222222214,1,68.0,-0.22073650360107422
234,-1.0,0,1.0,-0.011065008118748665
235,-0.40740740740740744,0,37.0,-0.031648553907871246
236,2.085648148148148,1,68.0,0.05195798724889755
237,-0.20833333333333348,0,47.0,-0.056296125054359436
238,0.039351851851851416,0,75.0,0.1327556073665619
239,-0.6226851851851851,0,23.0,-0.06748822331428528
240,-0.5787037037037037,0,4.0,-0.020734110847115517
241,-0.5416666666666667,0,10.0,-0.011061552911996841
242,-0.9907407407407407,0,3.0,-0.06159328296780586
243,-0.35185185185185164,0,26.0,-0.03217732906341553
244,-0.1527777777777779,0,54.0,-0.05898268520832062
245,2.1226851851851842,1,72.0,0.21074408292770386
246,-0.349537037037037,0,41.0,-0.03096820041537285
247,-0.37731481481481477,0,33.0,-0.031676024198532104
248,-0.9953703703703703,0,2.0,-0.06974949687719345
249,-0.3194444444444442,0,36.0,-0.03284226730465889
250,-1.0,0,1.0,0.02371176891028881
251,1.7939814814814805,1,71.0,0.0631808415055275
252,-0.2754629629629627,0,34.0,-0.03145039826631546
253,-0.8958333333333334,0,15.0,-0.02575954794883728
254,-0.40740740740740733,0,30.0,-0.05139685422182083
255,2.108796296296296,1,67.0,-1.1957135200500488
256,-0.4097222222222221,0,24.0,-0.009650669991970062
257,-0.47685185185185175,0,5.0,-0.10958752036094666
258,-0.6944444444444443,0,20.0,-0.021716998890042305
259,-0.4814814814814813,0,26.0,-0.04051053524017334
260,-0.6342592592592594,0,21.0,-0.024257125332951546
261,-1.0,0,1.0,-0.009844519197940826
262,2.0995370370370368,1,38.0,0.0023150909692049026
263,1.791666666666666,1,56.0,-0.03241243213415146
264,-0.37962962962962954,0,14.0,-0.045878421515226364
265,-0.3194444444444443,0,24.0,-0.042431868612766266
266,-1.0,0,1.0,0.006063650827854872
267,1.9606481481481473,1,100.0,-0.16086521744728088
268,-0.32638888888888884,0,12.0,-0.04065365344285965
269,-0.9907407407407407,0,3.0,-0.09236466139554977
270,-0.8101851851851851,0,10.0,-0.056953951716423035
271,-0.9513888888888888,0,11.0,-0.08816774189472198
272,-0.9745370370370371,0,6.0,-0.0604168064892292
273,-0.40740740740740733,0,9.0,-0.057055868208408356
274,-0.6226851851851851,0,13.0,-0.03637690842151642
275,-0.511574074074074,0,12.0,-0.03907829895615578
276,-0.5138888888888888,0,11.0,-0.07136404514312744
277,1.9259259259259252,1,70.0,0.12471525371074677
278,-0.826388888888889,0,16.0,-0.07567843794822693
279,-0.9675925925925926,0,8.0,-0.12379565834999084
280,2.0856481481481475,1,52.0,0.010293764993548393
281,-1.0,0,1.0,-0.010128069669008255
282,-0.9768518518518519,0,6.0,-0.024833794683218002
283,-0.875,0,10.0,-0.04289897531270981
284,1.837962962962962,1,82.0,-0.09690003842115402
285,-0.9259259259259259,0,16.0,-0.04967784509062767
286,1.8032407407407396,1,86.0,0.06939176470041275
287,-0.9212962962962963,0,7.0,-0.09856532514095306
288,-0.4004629629629629,0,20.0,-0.05871513858437538
289,-0.9490740740740741,0,7.0,-0.041124600917100906
290,-0.36342592592592593,0,7.0,-0.029066186398267746
291,-0.9861111111111112,0,4.0,-0.1777746081352234
292,0.11342592592592537,0,67.0,0.3209085464477539
293,-0.22222222222222243,0,38.0,-0.041075967252254486
294,2.2060185185185177,1,95.0,-0.029531285166740417
295,2.145833333333333,1,79.0,0.03593463823199272
296,2.1736111111111103,1,82.0,-0.6264562606811523
297,-0.9953703703703703,0,2.0,-0.139534592628479
298,-0.2037037037037035,0,24.0,-0.027023795992136
299,-0.3935185185185185,0,17.0,-0.05204804241657257
300,-0.29861111111111094,0,21.0,-0.058276306837797165
301,-0.5810185185185186,0,37.0,-0.06287264078855515
302,-0.2407407407407406,0,15.0,-0.033641330897808075
303,-1.0,0,1.0,0.003288834821432829
304,-0.33333333333333337,0,14.0,-0.021099325269460678
305,-0.5625,0,14.0,-0.04021724313497543
306,0.11574074074074003,0,83.0,-0.050901200622320175
307,-0.712962962962963,0,10.0,-0.08580103516578674
308,-0.6967592592592593,0,26.0,-0.02771088480949402
309,-1.0,0,1.0,0.001912043895572424
310,-0.36805555555555514,0,32.0,-0.05208165943622589
311,-0.6226851851851851,0,28.0,-0.06227707117795944
312,-0.6157407407407408,0,20.0,-0.052166715264320374
313,-0.4837962962962963,0,8.0,-0.06713196635246277
314,-0.3310185185185185,0,13.0,-0.026991020888090134
315,-0.9953703703703703,0,2.0,-0.055388495326042175
316,-1.0,0,1.0,-0.033386215567588806
317,-0.34259259259259256,0,35.0,-0.03911234438419342
318,-0.6273148148148149,0,18.0,-0.03710239753127098
319,-0.5416666666666665,0,30.0,-0.0529569573700428
320,-0.9814814814814815,0,5.0,-0.018607312813401222
321,-0.37962962962962976,0,28.0,-0.036578066647052765
322,-0.3819444444444442,0,32.0,-0.05385330691933632
323,-0.4374999999999998,0,21.0,-0.0764252245426178
324,-0.023148148148149028,0,69.0,-0.8564717173576355
325,-0.5300925925925926,0,18.0,-0.04362870007753372
326,-0.5555555555555555,0,6.0,-0.07604542374610901
327,-0.787037037037037,0,6.0,-0.12962156534194946
328,-0.599537037037037,0,15.0,-0.08310851454734802
329,-1.0,0,1.0,-0.005021551623940468
330,-0.29166666666666674,0,8.0,-0.04398740082979202
331,-0.6481481481481481,0,7.0,-0.056182555854320526
332,-1.0,0,1.0,-0.020721588283777237
333,-1.0,0,1.0,-0.004519051872193813
334,-0.9953703703703703,0,2.0,-0.0631602555513382
335,-0.5,0,28.0,-0.07797255367040634
336,-0.8634259259259259,0,12.0,-0.06703133881092072
337,-0.7708333333333334,0,16.0,-0.05564424768090248
338,-0.9861111111111112,0,4.0,-0.12063241004943848
339,-0.8101851851851852,0,8.0,-0.07159051299095154
340,-0.9861111111111112,0,4.0,-0.05794542282819748
341,-1.0,0,1.0,-0.014421148225665092
342,1.9999999999999991,1,78.0,-0.3481289744377136
343,0.12268518518518445,0,70.0,-0.4104640781879425
344,2.106481481481481,1,61.0,0.018452482298016548
345,-1.0,0,1.0,-0.0113832401111722
346,1.650462962962962,1,58.0,0.009798580780625343
347,2.108796296296296,1,54.0,0.005789885297417641
348,-1.0,0,1.0,-0.03556659445166588
349,2.1388888888888884,1,63.0,0.0018191486597061157
350,-0.537037037037037,0,7.0,-0.10768650472164154
351,-0.39814814814814814,0,5.0,-0.10034772753715515
352,-0.8773148148148149,0,15.0,-0.0522734634578228
353,2.1111111111111107,1,39.0,0.049556609243154526
354,-0.46990740740740733,0,16.0,-0.07632091641426086
355,-0.8148148148148149,0,3.0,-0.05678267031908035
356,-0.7638888888888888,0,10.0,-0.11331354826688766
357,-0.5625,0,19.0,-0.04686887934803963
358,-0.9166666666666667,0,17.0,-0.04137331247329712
359,-0.32638888888888884,0,20.0,-0.0430590882897377
360,-1.0,0,1.0,-0.022375386208295822
361,-0.23611111111111094,0,25.0,-0.03277300298213959
362,-0.8634259259259259,0,14.0,-0.06148209795355797
363,-1.0,0,1.0,-0.03544088825583458
364,-0.6388888888888888,0,4.0,-0.05321231111884117
365,-0.4351851851851851,0,16.0,-0.08736573904752731
366,-0.5277777777777778,0,10.0,-0.08777646720409393
367,-0.8356481481481481,0,11.0,-0.045899972319602966
368,2.1597222222222214,1,89.0,-0.11261443793773651
369,0.11805555555555469,0,73.0,-0.36273324489593506
370,2.1157407407407396,1,70.0,-0.18445661664009094
371,-0.9513888888888888,0,10.0,-0.04433486610651016
372,-0.47685185185185164,0,40.0,-0.04459569603204727
373,-0.775462962962963,0,11.0,-0.0676802396774292
374,-0.9328703703703703,0,7.0,-0.0948670357465744
375,-1.0,0,1.0,-0.030646689236164093
376,-0.35416666666666674,0,28.0,-0.02522769197821617
377,-0.9907407407407407,0,3.0,-0.0718640685081482
378,-1.0,0,1.0,-0.028171880170702934
379,-0.435185185185185,0,18.0,-0.0485747829079628
380,2.1388888888888875,1,72.0,0.43036752939224243
381,-1.0,0,1.0,-0.04059632495045662
382,-1.0,0,1.0,-0.04062735289335251
383,-0.5833333333333334,0,19.0,-0.044605448842048645
384,-0.3912037037037034,0,28.0,-0.06508168578147888
385,-0.537037037037037,0,17.0,-0.05784875899553299
386,-0.48611111111111105,0,11.0,-0.05285206064581871
387,-1.0,0,1.0,-0.008770753629505634
388,-0.8564814814814815,0,14.0,-0.06783443689346313
389,-0.7222222222222222,0,3.0,-0.2036449909210205
390,-0.7175925925925926,0,5.0,-0.1011539101600647
391,0.19212962962962865,0,87.0,-0.08951518684625626
392,-0.7939814814814815,0,20.0,-0.04934285953640938
393,-0.19444444444444442,0,14.0,-0.07072073966264725
394,-0.9675925925925926,0,8.0,-0.06302103400230408
395,2.1319444444444438,1,66.0,0.6850441098213196
396,-0.7222222222222222,0,2.0,-0.13259832561016083
397,-1.0,0,1.0,-0.01609954982995987
398,-1.0,0,1.0,-0.039769358932971954
399,-0.9907407407407407,0,3.0,0.06945304572582245
400,-0.962962962962963,0,9.0,-0.05465443432331085
401,-0.30787037037037035,0,18.0,-0.04699443280696869
402,-1.0,0,1.0,-0.04466173052787781
403,-0.7152777777777777,0,13.0,-0.09976768493652344
404,-0.39583333333333315,0,12.0,-0.10793635249137878
405,-0.9814814814814815,0,5.0,-0.14262159168720245
406,-0.5740740740740741,0,8.0,-0.05662906914949417
407,-0.5185185185185185,0,12.0,-0.04981561377644539
408,-0.35185185185185175,0,29.0,-0.03700137138366699
409,-0.6296296296296297,0,15.0,-0.06992895901203156
410,-0.4282407407407406,0,13.0,-0.04791116714477539
411,2.1458333333333326,1,91.0,0.12543678283691406
412,-0.5671296296296297,0,13.0,-0.07817612588405609
413,2.1342592592592586,1,70.0,0.1459411233663559
414,-0.5972222222222222,0,30.0,-0.05002583563327789
415,-0.9907407407407407,0,3.0,-0.14073196053504944
416,1.9976851851851847,1,66.0,0.667465329170227
417,-0.9699074074074074,0,7.0,-0.02792687714099884
418,-0.7777777777777778,0,4.0,-0.0572551004588604
419,-1.0,0,1.0,-0.04330504313111305
420,-0.9861111111111112,0,4.0,-0.1564365029335022
421,-0.4629629629629629,0,8.0,-0.09065188467502594
422,-0.45833333333333315,0,9.0,-0.11425848305225372
423,-1.0,0,1.0,-0.012742734514176846
424,-0.7685185185185186,0,8.0,-0.06385645270347595
425,-0.3657407407407407,0,20.0,-0.07545769214630127
426,-0.8101851851851852,0,7.0,-0.06126909703016281
427,-1.0,0,1.0,-0.013209516182541847
428,-0.9814814814814815,0,5.0,-0.06925177574157715
429,-0.8287037037037037,0,9.0,-0.07622511684894562
430,-0.3124999999999999,0,12.0,-0.086729034781456
431,-0.9398148148148148,0,4.0,-0.1280885487794876
432,-0.8587962962962964,0,12.0,-0.1007068082690239
433,-0.22916666666666663,0,21.0,-0.08195650577545166
434,2.1342592592592586,1,73.0,-0.06043624505400658
435,-0.6342592592592593,0,8.0,-0.10654652118682861
436,-0.1874999999999999,0,36.0,-0.07077404856681824
437,-0.33333333333333304,0,18.0,-0.10009707510471344
438,2.148148148148147,1,81.0,-0.4246053993701935
439,-0.7731481481481481,0,7.0,-0.09171545505523682
440,-1.0,0,1.0,-0.011049064807593822
441,-1.0,0,1.0,-0.02391328290104866
442,-1.0,0,1.0,-0.04721362516283989
443,-0.699074074074074,0,10.0,-0.07727234065532684
444,-0.5277777777777777,0,20.0,-0.09495913982391357
445,-0.9953703703703703,0,2.0,-0.22182001173496246
446,2.1782407407407396,1,86.0,-0.12406162917613983
447,-0.5393518518518516,0,17.0,-0.07776083052158356
448,-1.0,0,1.0,-0.038418300449848175
449,-0.5787037037037037,0,5.0,-0.07410646229982376
450,-0.3657407407407407,0,9.0,-0.06144803389906883
451,-0.7777777777777778,0,2.0,-0.08455297350883484
452,-0.8796296296296297,0,12.0,-0.06435330212116241
453,2.1504629629629624,1,58.0,0.018284108489751816
454,-0.4375,0,10.0,-0.07745793461799622
455,-0.2523148148148149,0,27.0,-0.061370715498924255
456,-0.9907407407407407,0,3.0,-0.2152310013771057
457,-0.8518518518518519,0,8.0,-0.09868413954973221
458,2.2037037037037033,1,73.0,-0.26012787222862244
459,-0.4791666666666665,0,18.0,-0.07083575427532196
460,-0.5532407407407407,0,33.0,-0.05089990794658661
461,1.8055555555555547,1,57.0,0.001961231231689453
462,-1.0,0,1.0,-0.03673958033323288
463,-0.9953703703703703,0,2.0,-0.13280528783798218
464,-0.9236111111111112,0,8.0,-0.03215980902314186
465,2.199074074074073,1,85.0,-0.44029951095581055
466,-0.8287037037037037,0,9.0,-0.07209214568138123
467,-0.4537037037037036,0,9.0,-0.060340311378240585
468,-0.18981481481481477,0,25.0,-0.0602254644036293
469,-0.9907407407407407,0,3.0,-0.0480889193713665
470,-0.9907407407407407,0,3.0,-0.19282934069633484
471,-0.7175925925925926,0,15.0,-0.08073193579912186
472,-0.9861111111111112,0,4.0,-0.11264738440513611
473,-0.7222222222222222,0,14.0,-0.05829387530684471
474,-0.7962962962962963,0,9.0,-0.08483750373125076
475,-0.43981481481481466,0,13.0,-0.05333196371793747
476,-0.9861111111111112,0,4.0,-0.1789044737815857
477,-0.31481481481481477,0,9.0,-0.13675503432750702
478,-0.349537037037037,0,13.0,-0.10941906273365021
479,-0.7523148148148149,0,18.0,-0.08578717708587646
480,-0.9907407407407407,0,3.0,-0.0636233389377594
481,-0.4884259259259257,0,26.0,-0.03578103333711624
482,-0.9768518518518519,0,6.0,-0.06858900189399719
483,-0.9953703703703703,0,2.0,-0.23586837947368622
484,-0.3564814814814813,0,22.0,-0.08738537132740021
485,-0.9166666666666667,0,7.0,-0.08568531274795532
486,-0.5902777777777779,0,37.0,-0.04569585621356964
487,-1.0,0,1.0,-0.035104360431432724
488,-0.3148148148148149,0,43.0,-0.05010982230305672
489,-1.0,0,1.0,-0.03048638254404068
490,-0.9814814814814815,0,5.0,-0.09352649748325348
491,-0.9907407407407407,0,3.0,-0.10197092592716217
492,1.9629629629629624,1,67.0,-0.36294466257095337
493,-0.9814814814814815,0,5.0,-0.10031504929065704
494,-1.0,0,1.0,-0.033064067363739014
495,-0.5787037037037037,0,16.0,-0.10093711316585541
496,2.134259259259258,1,77.0,0.3314208984375
497,-0.3124999999999998,0,22.0,-0.05299193412065506
498,2.1342592592592586,1,68.0,0.6284204721450806
499,-0.9606481481481481,0,9.0,-0.056909553706645966
500,-1.0,0,1.0,-0.014705806970596313
501,-0.28935185185185164,0,12.0,-0.049580641090869904
502,-0.2129629629629629,0,13.0,-0.039891213178634644
503,-0.38888888888888873,0,38.0,-0.03985927253961563
504,-0.35185185185185186,0,25.0,-0.092489093542099
505,2.1365740740740735,1,78.0,-0.045417215675115585
506,-1.0,0,1.0,0.002805512398481369
507,-1.0,0,1.0,-0.037785496562719345
508,2.1249999999999996,1,57.0,0.002800479531288147
509,-0.5162037037037036,0,21.0,-0.04092473164200783
510,-0.06712962962962954,0,33.0,-0.027585702016949654
511,-0.6851851851851851,0,11.0,-0.054216861724853516
512,-0.6041666666666667,0,38.0,-0.0472879484295845
513,0.1458333333333326,0,81.0,-0.16677823662757874
514,-0.5555555555555556,0,8.0,-0.07603295147418976
515,-0.6527777777777778,0,6.0,-0.1305842101573944
516,-1.0,0,1.0,-0.004863104782998562
517,-0.42361111111111105,0,50.0,-0.04338664188981056
518,-0.22453703703703665,0,33.0,-0.06350118666887283
519,-0.49537037037037035,0,6.0,-0.05416183918714523
520,-0.9953703703703703,0,2.0,-0.2208324372768402
521,-0.28935185185185186,0,29.0,-0.0381094291806221
522,-0.29166666666666663,0,29.0,-0.034489378333091736
523,-1.0,0,1.0,-0.008738306351006031
524,-0.523148148148148,0,17.0,-0.024250218644738197
525,-1.0,0,1.0,-0.019295865669846535
526,-0.3842592592592591,0,31.0,-0.05929997190833092
527,2.1550925925925917,1,93.0,-0.18051229417324066
528,-0.3634259259259258,0,18.0,-0.06111379712820053
529,-0.9953703703703703,0,2.0,-0.1003517359495163
530,-0.8101851851851852,0,12.0,-0.10898350179195404
531,-0.26388888888888895,0,18.0,-0.037407904863357544
532,-0.4606481481481478,0,30.0,-0.056812115013599396
533,-0.9953703703703703,0,2.0,-0.20192724466323853
534,-0.8055555555555556,0,3.0,-0.014331202954053879
535,-0.5416666666666667,0,13.0,-0.05089122802019119
536,-1.0,0,1.0,-0.02936486341059208
537,-0.3101851851851851,0,18.0,-0.05672980472445488
538,-0.8194444444444444,0,10.0,-0.08467157185077667
539,-1.0,0,1.0,-0.03307832032442093
540,0.06944444444444398,0,65.0,-0.46638357639312744
541,-0.9259259259259259,0,6.0,-0.1105542927980423
542,-1.0,0,1.0,-0.03976955637335777
543,-0.8356481481481483,0,21.0,-0.06079627200961113
544,-0.5902777777777777,0,17.0,-0.06990107893943787
545,-0.5509259259259259,0,2.0,-0.10886290669441223
546,-0.8680555555555556,0,14.0,-0.07211843132972717
547,2.1504629629629624,1,74.0,0.0023192614316940308
548,-0.1435185185185186,0,23.0,-0.07799374312162399
549,-0.2754629629629629,0,10.0,-0.08311553299427032
550,-1.0,0,1.0,-0.03724493086338043
551,-0.6574074074074072,0,11.0,-0.06164238601922989
552,2.1064814814814805,1,78.0,-0.3467549681663513
553,-1.0,0,1.0,-0.005949709564447403
554,-0.9027777777777778,0,5.0,-0.11475744843482971
555,-0.9768518518518519,0,6.0,-0.10049736499786377
556,-0.4097222222222222,0,18.0,-0.04627053439617157
557,-0.4629629629629629,0,10.0,-0.08408065140247345
558,-0.7615740740740741,0,14.0,-0.06307508051395416
559,-0.699074074074074,0,5.0,-0.09886441379785538
560,-0.48611111111111094,0,12.0,-0.04777998849749565
561,-0.9861111111111112,0,4.0,-0.14811627566814423
562,-0.9814814814814815,0,5.0,-0.04952231049537659
563,-0.37962962962962954,0,9.0,-0.055845655500888824
564,-0.9953703703703703,0,2.0,-0.1233353465795517
565,-0.40277777777777746,0,33.0,-0.08362282812595367
566,-0.43981481481481477,0,9.0,-0.11559367179870605
567,-0.5740740740740741,0,5.0,-0.09450221806764603
568,-0.7685185185185185,0,3.0,-0.12287291884422302
569,-0.8101851851851852,0,9.0,-0.04168152064085007
570,-0.9953703703703703,0,2.0,-0.21409624814987183
571,-0.7708333333333334,0,9.0,-0.10944440960884094
572,-1.0,0,1.0,-0.005006328225135803
573,-0.9768518518518519,0,6.0,-0.04889332875609398
574,-0.9768518518518519,0,6.0,-0.08434219658374786
575,-0.5601851851851851,0,4.0,-0.1537337750196457
576,-0.8425925925925926,0,7.0,-0.022525781765580177
577,-0.5324074074074074,0,7.0,-0.05674518272280693
578,-0.8564814814814815,0,11.0,-0.12718145549297333
579,-0.49537037037037024,0,17.0,-0.05081179738044739
580,-0.9907407407407407,0,3.0,-0.09617789089679718
581,-0.42129629629629617,0,12.0,-0.05548588186502457
582,-1.0,0,1.0,-0.02448135055601597
583,-0.5671296296296295,0,13.0,-0.10296789556741714
584,-0.8078703703703705,0,9.0,-0.07341031730175018
585,-0.49537037037037024,0,11.0,-0.06697343289852142
586,-0.4629629629629628,0,13.0,-0.07803831994533539
587,-0.9907407407407407,0,3.0,-0.1871938854455948
588,-0.6435185185185186,0,7.0,-0.07294848561286926
589,-0.7685185185185185,0,2.0,-0.21665996313095093
590,-0.9953703703703703,0,2.0,-0.22635184228420258
591,-0.9444444444444444,0,3.0,-0.06053977459669113
592,-0.2037037037037035,0,37.0,-0.045946311205625534
593,-0.9722222222222222,0,7.0,-0.08669571578502655
594,-1.0,0,1.0,-0.032191548496484756
595,-0.9513888888888888,0,11.0,-0.05127088725566864
596,-1.0,0,1.0,-0.011944711208343506
597,-0.9907407407407407,0,3.0,-0.03429281711578369
598,0.1527777777777768,0,84.0,0.06188665330410004
599,-0.09722222222222232,0,46.0,-0.05813770741224289
600,-0.05092592592592615,0,51.0,-0.03849765658378601
601,-0.3842592592592593,0,7.0,-0.08403045684099197
602,-0.7731481481481481,0,4.0,-0.12484190613031387
603,-0.3009259259259258,0,9.0,-0.06743677705526352
604,-0.7175925925925927,0,18.0,-0.08691577613353729
605,-1.0,0,1.0,-0.02383817732334137
606,-0.28935185185185164,0,17.0,-0.09237052500247955
607,-0.4444444444444444,0,19.0,-0.05399242416024208
608,-0.4537037037037037,0,8.0,-0.08541219681501389
609,2.1527777777777772,1,70.0,-0.39799708127975464
610,2.1666666666666656,1,90.0,-0.046896182000637054
611,-0.34259259259259267,0,32.0,-0.05588197708129883
612,-0.9953703703703703,0,2.0,-0.11225057393312454
613,-0.5277777777777777,0,9.0,-0.0975787565112114
614,-1.0,0,1.0,0.0012867217883467674
615,1.3634259259259258,1,45.0,0.015486469492316246
616,-1.0,0,1.0,-0.03795338049530983
617,-1.0,0,1.0,-0.043304163962602615
618,-0.4652777777777778,0,15.0,-0.02596006542444229
619,-0.9953703703703703,0,2.0,-0.10191565006971359
620,-0.8425925925925927,0,11.0,-0.1150791123509407
621,-1.0,0,1.0,-0.008393760770559311
622,-0.32638888888888895,0,5.0,-0.010216452181339264
623,-0.9814814814814815,0,5.0,-0.07721416652202606
624,-0.9768518518518519,0,6.0,-0.16653470695018768
625,-0.9907407407407407,0,3.0,-0.20414170622825623
626,-0.9861111111111112,0,4.0,-0.01797710545361042
627,-0.8287037037037037,0,8.0,-0.1302351951599121
628,-1.0,0,1.0,-0.021364232525229454
629,-0.9953703703703703,0,2.0,-0.030528472736477852
630,-1.0,0,1.0,-0.034487005323171616
631,-0.1782407407407406,0,44.0,-0.052872948348522186
632,-0.43981481481481477,0,24.0,-0.07456767559051514
633,-0.13888888888888884,0,39.0,-0.06427162885665894
634,-0.5092592592592591,0,12.0,-0.0969315767288208
635,-1.0,0,1.0,-0.0406009778380394
636,-0.9953703703703703,0,2.0,-0.08326197415590286
637,-0.638888888888889,0,17.0,-0.08421867340803146
638,-0.37731481481481466,0,14.0,-0.10617922246456146
639,-0.5324074074074072,0,12.0,-0.10894700884819031
640,-1.0,0,1.0,-0.040961381047964096
641,-1.0,0,1.0,-0.0433521494269371
642,2.118055555555555,1,57.0,0.01861307956278324
643,-0.9212962962962963,0,12.0,-0.11511661112308502
644,-0.43055555555555547,0,9.0,-0.030081408098340034
645,2.1574074074074066,1,77.0,-0.007826868444681168
646,-0.5972222222222221,0,12.0,-0.06516323983669281
647,-0.5462962962962963,0,25.0,-0.04852013289928436
648,-0.9652777777777778,0,8.0,-0.09520057588815689
649,-0.7407407407407407,0,7.0,-0.09806278347969055
650,-0.5509259259259259,0,5.0,-0.16957545280456543
651,-1.0,0,1.0,-0.010924464091658592
652,-0.9907407407407407,0,3.0,-0.015883484855294228
653,-0.36805555555555547,0,14.0,-0.10226064920425415
654,-0.26157407407407396,0,23.0,-0.05878192186355591
655,-0.9120370370370371,0,10.0,-0.096528559923172
656,-1.0,0,1.0,-0.05125577002763748
657,-0.7083333333333333,0,9.0,-0.1403220295906067
658,-0.6296296296296295,0,11.0,-0.12612324953079224
659,-1.0,0,1.0,-0.029205016791820526
660,-0.9652777777777778,0,8.0,-0.07986774295568466
661,-1.0,0,1.0,-0.03779435157775879
662,-0.5972222222222223,0,15.0,-0.09199646860361099
663,-0.7592592592592593,0,2.0,-0.14032813906669617
664,-1.0,0,1.0,-0.03849782794713974
665,-0.599537037037037,0,11.0,-0.041360173374414444
666,-0.31712962962962954,0,12.0,-0.06376025080680847
667,-1.0,0,1.0,-0.0541212372481823
668,-0.9722222222222222,0,7.0,-0.08520524948835373
669,-0.4282407407407407,0,7.0,-0.046751271933317184
670,-0.8842592592592593,0,9.0,-0.055110178887844086
671,2.0995370370370363,1,77.0,-0.1947593241930008
672,-0.43981481481481466,0,8.0,-0.054349686950445175
673,-1.0,0,1.0,-0.04447301849722862
674,-0.3819444444444444,0,22.0,-0.05950239300727844
675,-0.9675925925925926,0,8.0,-0.07655163109302521
676,-1.0,0,1.0,-0.04850848764181137
677,-0.9907407407407407,0,3.0,-0.11215873062610626
678,-0.32638888888888895,0,14.0,-0.06832185387611389
679,-0.9953703703703703,0,2.0,-0.1594443917274475
680,-0.32407407407407407,0,19.0,-0.06768448650836945
681,-0.9953703703703703,0,2.0,-0.07526817917823792
682,-0.6018518518518517,0,8.0,-0.0652509555220604
683,-1.0,0,1.0,-0.05316215753555298
684,-0.4212962962962963,0,27.0,-0.06060883402824402
685,-0.7916666666666667,0,9.0,-0.06198006123304367
686,-0.43055555555555547,0,7.0,-0.08340774476528168
687,-0.699074074074074,0,8.0,-0.07933621108531952
688,-0.18055555555555547,0,22.0,-0.04052460193634033
689,-0.9074074074074074,0,2.0,-0.06675852835178375
690,-0.9953703703703703,0,2.0,-0.07876024395227432
691,-0.9953703703703703,0,2.0,-0.03273055702447891
692,-0.09722222222222232,0,29.0,-0.0376909077167511
693,-0.44212962962962943,0,15.0,-0.048786710947752
694,-0.9953703703703703,0,2.0,-0.04314395785331726
695,-0.9722222222222222,0,7.0,-0.07709771394729614
696,-1.0,0,1.0,-0.04683903977274895
697,-0.5185185185185185,0,9.0,-0.06838884204626083
698,-0.9560185185185185,0,10.0,-0.09745261818170547
699,-0.650462962962963,0,9.0,-0.07153236120939255
700,-0.9953703703703703,0,2.0,-0.163605734705925
701,-0.29629629629629606,0,20.0,-0.03347938880324364
702,-0.41666666666666663,0,10.0,-0.0706089437007904
703,-0.8287037037037037,0,5.0,-0.07302795350551605
704,-0.9861111111111112,0,4.0,-0.0525442473590374
705,-0.9814814814814815,0,5.0,-0.05924658477306366
706,-0.39814814814814803,0,11.0,-0.07897339016199112
707,-0.9074074074074074,0,6.0,-0.13433292508125305
708,-0.8425925925925926,0,5.0,-0.09205450117588043
709,-0.44212962962962954,0,30.0,-0.07590794563293457
710,2.1550925925925917,1,65.0,0.6595460176467896
711,-0.9814814814814815,0,5.0,-0.13773797452449799
712,-0.7638888888888888,0,4.0,-0.07607951760292053
713,-0.9953703703703703,0,2.0,-0.053907494992017746
714,-0.6388888888888888,0,3.0,-0.0757264494895935
715,-0.2662037037037036,0,17.0,-0.06003275513648987
716,2.189814814814814,1,71.0,0.2790725827217102
717,-0.5740740740740741,0,7.0,-0.10706387460231781
718,-0.9814814814814815,0,5.0,-0.10218358784914017
719,-0.8148148148148149,0,5.0,-0.11308136582374573
720,-0.32407407407407385,0,15.0,-0.05495210364460945
721,-0.092592592592593,0,52.0,-0.03463380038738251
722,-0.22916666666666652,0,24.0,-0.0897543728351593
723,-0.9351851851851852,0,5.0,-0.06583934277296066
724,-0.9953703703703703,0,2.0,-0.03411147743463516
725,-1.0,0,1.0,-0.03925245627760887
726,-0.9861111111111112,0,4.0,-0.058851294219493866
727,-1.0,0,1.0,-0.040766987949609756
728,-0.3564814814814814,0,12.0,-0.028312332928180695
729,-0.37499999999999967,0,23.0,-0.0850231796503067
730,-0.7222222222222222,0,16.0,-0.05891730263829231
731,-0.5555555555555554,0,23.0,-0.1063205897808075
732,-0.625,0,27.0,-0.07503342628479004
733,-1.0,0,1.0,-0.027067694813013077
734,-0.9953703703703703,0,2.0,0.011768873780965805
735,-0.37731481481481477,0,27.0,-0.047317251563072205
736,-0.9907407407407407,0,3.0,-0.19562408328056335
737,-0.8125,0,6.0,-0.07071499526500702
738,-0.39814814814814814,0,14.0,-0.03480575233697891
739,-0.5509259259259258,0,5.0,-0.0992307960987091
740,-0.39583333333333326,0,10.0,-0.1064603254199028
741,-0.412037037037037,0,4.0,-0.11071012169122696
742,-1.0,0,1.0,-0.045326635241508484
743,-0.31481481481481477,0,15.0,-0.05276565998792648
744,-0.7083333333333333,0,23.0,-0.0440690815448761
745,-1.0,0,1.0,-0.01634569838643074
746,-0.9097222222222222,0,14.0,-0.0455874502658844
747,-0.9953703703703703,0,2.0,-0.20202206075191498
748,-0.8935185185185185,0,5.0,-0.08836473524570465
749,-0.17361111111111083,0,27.0,-0.0722101628780365
750,-0.48611111111111116,0,10.0,-0.052959948778152466
751,-0.5370370370370369,0,12.0,-0.10912897437810898
752,-0.875,0,14.0,-0.06632498651742935
753,-0.35879629629629606,0,19.0,-0.044241126626729965
754,-0.7777777777777779,0,15.0,-0.0945906713604927
755,-1.0,0,1.0,-0.02569991908967495
756,-0.349537037037037,0,16.0,-0.0637294203042984
757,-0.9953703703703703,0,2.0,-0.13755004107952118
758,-0.8518518518518519,0,9.0,-0.06934845447540283
759,-0.736111111111111,0,6.0,-0.10568884015083313
760,-0.5555555555555556,0,9.0,-0.13230347633361816
761,-1.0,0,1.0,-0.020949041470885277
762,-0.8240740740740741,0,4.0,-0.0802091509103775
763,-0.875,0,15.0,-0.06712423264980316
764,-0.9675925925925926,0,2.0,-0.06427770853042603
765,-0.9120370370370371,0,4.0,-0.09996522963047028
766,1.9143518518518507,1,88.0,-0.36836856603622437
767,2.1157407407407405,1,60.0,0.023665089160203934
768,2.104166666666666,1,67.0,0.2654155194759369
769,-0.6041666666666666,0,25.0,-0.05666511878371239
770,-0.22685185185185175,0,19.0,-0.07619041204452515
771,-1.0,0,1.0,-0.017318038269877434
772,-0.4189814814814814,0,13.0,-0.04511839896440506
773,-0.3194444444444443,0,8.0,-0.07347345352172852
774,2.129629629629629,1,68.0,-0.5024994015693665
775,-0.6828703703703702,0,15.0,-0.08093592524528503
776,-0.3310185185185185,0,9.0,-0.0966598391532898
777,-0.9953703703703703,0,2.0,-0.14088809490203857
778,-0.9282407407407407,0,9.0,-0.09930281341075897
779,-0.41666666666666663,0,16.0,-0.02855689637362957
780,-0.9861111111111112,0,4.0,-0.07637143135070801
781,-0.5509259259259258,0,24.0,-0.04793111979961395
782,-0.9953703703703703,0,2.0,-0.1805116832256317
783,-0.9907407407407407,0,3.0,-7.638000533916056e-05
784,-0.9907407407407407,0,3.0,-0.07539760321378708
785,-0.736111111111111,0,15.0,-0.07221223413944244
786,-0.9953703703703703,0,2.0,6.360927363857627e-05
787,-0.44212962962962954,0,20.0,-0.04379016160964966
788,2.1412037037037024,1,84.0,0.07558977603912354
789,-0.43055555555555536,0,28.0,-0.05052832141518593
790,-0.3912037037037037,0,10.0,-0.037346020340919495
791,-0.962962962962963,0,9.0,-0.10279661417007446
792,-0.5717592592592592,0,25.0,-0.023157037794589996
793,0.05324074074074048,0,66.0,-0.06346480548381805
794,-0.5787037037037036,0,15.0,-0.03174180909991264
795,-0.9953703703703703,0,2.0,-0.16962377727031708
796,-1.0,0,1.0,-0.006957420613616705
797,-0.43287037037037046,0,24.0,-0.028260938823223114
798,-0.9907407407407407,0,3.0,-0.11737308651208878
799,-0.4189814814814814,0,8.0,-0.06101491302251816
800,-0.8680555555555556,0,18.0,-0.09671072661876678
801,-0.8449074074074074,0,22.0,-0.05547257512807846
802,-1.0,0,1.0,-0.0005622289609164
803,-0.6296296296296297,0,10.0,-0.06622611731290817
804,-0.9861111111111112,0,4.0,-0.062291696667671204
805,-0.6481481481481481,0,8.0,-0.04512840136885643
806,-0.31018518518518523,0,19.0,-0.04328208416700363
807,2.0833333333333326,1,65.0,-0.18623140454292297
808,-0.7199074074074074,0,15.0,-0.051395706832408905
809,-0.9652777777777778,0,8.0,-0.03437090292572975
810,-0.2129629629629628,0,46.0,-0.0671994537115097
811,-0.9768518518518519,0,6.0,-0.04361053556203842
812,-1.0,0,1.0,-0.002328219125047326
813,-0.4907407407407405,0,20.0,-0.062010157853364944
814,-0.9907407407407407,0,3.0,-0.09619097411632538
815,-0.2939814814814813,0,24.0,-0.07091951370239258
816,-1.0,0,1.0,-0.0027784020639955997
817,-0.9027777777777778,0,4.0,-0.08268366754055023
818,-0.9953703703703703,0,2.0,-0.1294572949409485
819,-0.5324074074074074,0,16.0,-0.1083010733127594
820,-0.5092592592592593,0,16.0,-0.06714427471160889
821,-0.9861111111111112,0,4.0,-0.08206357061862946
822,-0.9953703703703703,0,2.0,-0.13357047736644745
823,-0.6574074074074074,0,9.0,-0.12393271178007126
824,-0.8611111111111112,0,7.0,-0.0873643010854721
825,2.074074074074073,1,91.0,0.040844935923814774
826,-0.7384259259259258,0,12.0,-0.0885603278875351
827,-0.736111111111111,0,4.0,-0.06248337775468826
828,-1.0,0,1.0,-0.003434562124311924
829,-0.5115740740740741,0,10.0,-0.10548347234725952
830,-0.21759259259259245,0,32.0,-0.06369856745004654
831,-0.7777777777777778,0,7.0,-0.07337513566017151
832,-0.6574074074074073,0,19.0,-0.02363402023911476
833,-0.9212962962962963,0,2.0,-0.06261603534221649
834,-0.02777777777777779,0,52.0,-0.04412626102566719
835,-0.837962962962963,0,12.0,-0.07265117764472961
836,-0.21990740740740744,0,33.0,-0.023530885577201843
837,-0.5787037037037037,0,16.0,-0.06354662775993347
838,-0.2222222222222221,0,49.0,-0.057458557188510895
839,-0.5254629629629626,0,32.0,-0.036670759320259094
840,-0.18287037037037035,0,13.0,-0.021406667307019234
841,-0.8796296296296297,0,14.0,-0.04665157198905945
842,-0.962962962962963,0,9.0,-0.03681670129299164
843,0.09027777777777724,0,64.0,-0.04935396835207939
844,-0.42129629629629617,0,28.0,-0.03368420526385307
845,-0.4722222222222221,0,7.0,-0.06638883799314499
846,-0.5601851851851851,0,21.0,-0.07838000357151031
847,-0.5671296296296295,0,18.0,-0.043951839208602905
848,-0.6180555555555556,0,15.0,-0.08663982152938843
849,-0.3402777777777777,0,27.0,-0.020156130194664
850,-0.9861111111111112,0,4.0,-0.02257593348622322
851,-0.6458333333333333,0,16.0,-0.07559505850076675
852,-0.6273148148148149,0,12.0,-0.07900194823741913
853,0.11574074074074003,0,66.0,-1.1285245418548584
854,-0.8819444444444444,0,9.0,-0.11721447855234146
855,-0.47916666666666663,0,12.0,-0.06171122565865517
856,-0.6388888888888886,0,12.0,-0.01517413929104805
857,2.1342592592592586,1,71.0,-0.14710599184036255
858,-0.625,0,10.0,-0.08194170147180557
859,1.9074074074074066,1,62.0,-0.003100486472249031
860,-0.28935185185185175,0,16.0,-0.051183316856622696
861,-0.046296296296296835,0,53.0,-0.030896028503775597
862,-1.0,0,1.0,-0.003992273472249508
863,-0.43981481481481477,0,9.0,-0.06086617708206177
864,-0.6064814814814814,0,12.0,-0.043416522443294525
865,-0.9907407407407407,0,3.0,-0.09276681393384933
866,-0.6759259259259258,0,7.0,-0.12574464082717896
867,-0.05787037037037057,0,45.0,-0.01740669645369053
868,-1.0,0,1.0,0.0027549839578568935
869,-1.0,0,1.0,-0.017572032287716866
870,-0.7013888888888888,0,9.0,-0.054601915180683136
871,-1.0,0,1.0,0.00012935930863022804
872,-0.787037037037037,0,13.0,-0.06984895467758179
873,-0.6805555555555555,0,9.0,-0.10971099138259888
874,-1.0,0,1.0,-0.00039302356890402734
875,-0.9907407407407407,0,3.0,-0.16149255633354187
876,-0.3564814814814814,0,6.0,-0.06616473197937012
877,2.1365740740740735,1,59.0,-0.0040553417056798935
878,-0.7430555555555556,0,16.0,-0.05015832185745239
879,-0.5972222222222222,0,3.0,-0.0654265433549881
880,-0.9375,0,6.0,-0.047617387026548386
881,-0.9212962962962963,0,4.0,-0.09169736504554749
882,-0.39814814814814803,0,8.0,-0.04291417449712753
883,-0.9953703703703703,0,2.0,-0.08252926170825958
884,-0.8680555555555556,0,15.0,-0.03938782587647438
885,-0.9398148148148148,0,12.0,-0.07831732928752899
886,-0.5416666666666665,0,16.0,-0.046924203634262085
887,-0.8356481481481481,0,9.0,-0.08749061822891235
888,-0.9953703703703703,0,2.0,-0.06076006591320038
889,-0.9953703703703703,0,2.0,-0.06684219837188721
890,-0.537037037037037,0,22.0,-0.06101473420858383
891,-0.9861111111111112,0,4.0,-0.031468119472265244
892,-1.0,0,1.0,-0.006068401969969273
893,-0.662037037037037,0,6.0,-0.07155682146549225
894,-0.9953703703703703,0,2.0,-0.2284746766090393
895,0.18981481481481421,0,90.0,-0.0681878849864006
896,-0.5925925925925926,0,14.0,-0.06169022619724274
897,-0.6620370370370371,0,10.0,-0.1015789657831192
898,-0.8611111111111112,0,3.0,-0.07647581398487091
899,-0.9861111111111112,0,4.0,-0.17224694788455963
900,2.1412037037037033,1,74.0,-0.18619073927402496
901,-0.8796296296296297,0,10.0,-0.09103986620903015
902,-0.9907407407407407,0,3.0,-0.16914445161819458
903,-0.7314814814814814,0,5.0,-0.024471359327435493
904,-0.724537037037037,0,12.0,-0.06986196339130402
905,-0.7291666666666667,0,13.0,-0.09492455422878265
906,-0.4212962962962963,0,8.0,-0.05325257033109665
907,-0.45138888888888873,0,17.0,-0.0600179024040699
908,2.168981481481481,1,73.0,0.21828947961330414
909,-0.9583333333333334,0,10.0,-0.09603708982467651
910,-0.9444444444444444,0,3.0,-0.07589426636695862
911,-0.7731481481481481,0,10.0,-0.09961692243814468
912,-0.8055555555555556,0,9.0,-0.06916066259145737
913,-1.0,0,1.0,-0.03436529263854027
914,-0.6157407407407407,0,6.0,-0.09455663710832596
915,-0.9907407407407407,0,3.0,-0.15236636996269226
916,-0.6296296296296295,0,4.0,-0.12565992772579193
917,-0.9861111111111112,0,4.0,-0.2074892818927765
918,-1.0,0,1.0,-0.03371166065335274
919,-0.9953703703703703,0,2.0,-0.19540485739707947
920,-0.3240740740740736,0,37.0,-0.038553863763809204
921,-0.6666666666666667,0,20.0,-0.0694907158613205
922,-0.4907407407407406,0,11.0,-0.07889330387115479
923,-0.3032407407407405,0,38.0,-0.05297009274363518
924,-0.3564814814814814,0,8.0,-0.09860359132289886
925,-0.5300925925925926,0,13.0,-0.08019200712442398
926,-0.33564814814814803,0,16.0,-0.0665757805109024
927,-0.9953703703703703,0,2.0,-0.12636658549308777
928,-1.0,0,1.0,-0.03995417430996895
929,-0.7453703703703705,0,11.0,-0.06476227939128876
930,-0.75,0,6.0,-0.11086699366569519
931,-0.5763888888888887,0,16.0,-0.0844658762216568
932,-0.3194444444444444,0,34.0,-0.05064952373504639
933,-0.534722222222222,0,19.0,-0.0647415742278099
934,-0.287037037037037,0,11.0,-0.06429514288902283
935,-0.7592592592592593,0,16.0,-0.07401692122220993
936,-0.3402777777777777,0,14.0,-0.10207836329936981
937,-0.3564814814814815,0,17.0,-0.07535295188426971
938,-0.8333333333333334,0,10.0,-0.12947990000247955
939,-0.5694444444444444,0,14.0,-0.0992608517408371
940,-0.9907407407407407,0,3.0,-0.05072832480072975
941,-1.0,0,1.0,-0.01983676105737686
942,-0.8171296296296297,0,13.0,-0.09392040967941284
943,-0.9953703703703703,0,2.0,-0.06190590560436249
944,-0.37962962962962954,0,7.0,-0.058416008949279785
945,-1.0,0,1.0,-0.018608244135975838
946,-0.9606481481481481,0,9.0,-0.0648689791560173
947,-0.9907407407407407,0,3.0,-0.15627393126487732
948,-1.0,0,1.0,-0.047181595116853714
949,-0.7615740740740742,0,14.0,-0.06889030337333679
950,-0.3564814814814813,0,27.0,-0.07301534712314606
951,-0.5347222222222222,0,14.0,-0.06214119493961334
952,-0.4722222222222222,0,7.0,-0.03710697591304779
953,-1.0,0,1.0,-0.002176014008000493
954,-1.0,0,1.0,-0.00932995229959488
955,-0.9768518518518519,0,6.0,-0.06414886564016342
956,-0.9907407407407407,0,3.0,-0.15767784416675568
957,-0.31712962962962954,0,28.0,-0.09644146263599396
958,-1.0,0,1.0,-0.031117282807826996
959,-0.9814814814814815,0,5.0,-0.05421775206923485
960,-1.0,0,1.0,-0.006640700623393059
961,-0.3032407407407405,0,17.0,-0.07016956061124802
962,-0.8310185185185185,0,12.0,-0.04017504304647446
963,-1.0,0,1.0,-0.03867270424962044
964,-0.763888888888889,0,8.0,-0.10405158996582031
965,-0.4027777777777777,0,12.0,-0.07906316965818405
966,-0.6296296296296295,0,6.0,-0.0479043573141098
967,-0.9166666666666666,0,9.0,-0.049020376056432724
968,-0.5023148148148149,0,5.0,-0.04926958307623863
969,-0.8472222222222222,0,4.0,-0.08424481749534607
970,-0.025462962962963687,0,60.0,-0.0574786514043808
971,-1.0,0,1.0,-0.03985697031021118
972,-0.5648148148148145,0,21.0,-0.08010431379079819
973,-0.8472222222222222,0,6.0,-0.115934818983078
974,-0.9722222222222222,0,7.0,-0.12845465540885925
975,-0.9953703703703703,0,2.0,-0.08747900277376175
976,-1.0,0,1.0,-0.013406744226813316
977,-0.34953703703703687,0,18.0,-0.025507379323244095
978,-0.560185185185185,0,13.0,-0.11766337603330612
979,-0.9606481481481481,0,9.0,-0.05546358600258827
980,-0.9814814814814815,0,5.0,-0.06637377291917801
981,-0.29861111111111094,0,15.0,-0.07756392657756805
982,-0.6203703703703702,0,13.0,-0.0402926467359066
983,-0.712962962962963,0,3.0,-0.06572948396205902
984,-0.5763888888888886,0,18.0,-0.07289642095565796
985,-0.5694444444444445,0,14.0,-0.11342761665582657
986,-0.9953703703703703,0,2.0,-0.10920228064060211
987,-0.1967592592592594,0,22.0,-0.053296931087970734
988,-1.0,0,1.0,-0.0020387424156069756
989,-0.37962962962962965,0,9.0,-0.0563034750521183
990,-0.16666666666666652,0,23.0,-0.053718287497758865
991,-0.9907407407407407,0,3.0,-0.05230158567428589
992,1.979166666666666,1,62.0,0.01908225193619728
993,-1.0,0,1.0,-0.008278772234916687
994,-0.9953703703703703,0,2.0,-0.0854215919971466
995,-0.837962962962963,0,10.0,-0.12374074757099152
996,-1.0,0,1.0,-0.019661353901028633
997,-0.8078703703703705,0,10.0,-0.03487623110413551
998,-0.9074074074074074,0,11.0,-0.07439129054546356
999,-0.6527777777777778,0,14.0,-0.06512205302715302
1000,-0.9907407407407407,0,3.0,-0.0851258635520935
1001,-0.6805555555555555,0,9.0,-0.08438726514577866
1002,-0.9745370370370371,0,6.0,-0.07553359866142273
1003,-0.662037037037037,0,9.0,-0.12262730300426483
1004,-0.3912037037037035,0,37.0,-0.08961459249258041
1005,-0.8680555555555556,0,15.0,-0.07039805501699448
1006,-0.2569444444444444,0,23.0,-0.06707976758480072
1007,-0.6712962962962963,0,15.0,-0.08966299891471863
1008,1.9004629629629624,1,65.0,0.32415202260017395
1009,-0.7384259259259258,0,11.0,-0.11872124671936035
1010,-0.9953703703703703,0,2.0,-0.11493317782878876
1011,-0.5185185185185184,0,6.0,-0.08662353456020355
1012,-0.1064814814814814,0,29.0,-0.06557926535606384
1013,-0.8796296296296297,0,6.0,-0.0670967623591423
1014,-0.7708333333333335,0,24.0,-0.045326799154281616
1015,-0.372685185185185,0,27.0,-0.05299658700823784
1016,-0.2546296296296293,0,18.0,-0.05319005623459816
1017,-0.7222222222222223,0,15.0,-0.030624832957983017
1018,-0.599537037037037,0,22.0,-0.051999252289533615
1019,-0.9861111111111112,0,4.0,-0.055715713649988174
1020,-1.0,0,1.0,-0.02189953252673149
1021,-0.23379629629629628,0,9.0,-0.09478701651096344
1022,-0.9583333333333334,0,4.0,-0.10641730576753616
1023,-0.412037037037037,0,3.0,-0.06241922825574875
1024,-0.2060185185185185,0,31.0,-0.040475279092788696
